﻿<?xml version="1.0" encoding="utf-8"?>
<TextureAtlas imagePath="ziffyfnf.png">
	<!-- Created with Adobe Animate version 21.0.6.41649 -->
	<!-- http://www.adobe.com/products/animate.html -->
	<SubTexture name="ziffy down0000" x="0" y="0" width="585" height="605" frameX="0" frameY="-5" frameWidth="585" frameHeight="610"/>
	<SubTexture name="ziffy down0001" x="0" y="0" width="585" height="605" frameX="0" frameY="-5" frameWidth="585" frameHeight="610"/>
	<SubTexture name="ziffy down0002" x="615" y="0" width="583" height="609" frameX="-2" frameY="-1" frameWidth="585" frameHeight="610"/>
	<SubTexture name="ziffy down0003" x="615" y="0" width="583" height="609" frameX="-2" frameY="-1" frameWidth="585" frameHeight="610"/>
	<SubTexture name="ziffy down0004" x="1228" y="0" width="583" height="610" frameX="-2" frameY="0" frameWidth="585" frameHeight="610"/>
	<SubTexture name="ziffy down0005" x="1228" y="0" width="583" height="610" frameX="-2" frameY="0" frameWidth="585" frameHeight="610"/>
	<SubTexture name="ziffy down0006" x="1228" y="0" width="583" height="610" frameX="-2" frameY="0" frameWidth="585" frameHeight="610"/>
	<SubTexture name="ziffy down0007" x="1228" y="0" width="583" height="610" frameX="-2" frameY="0" frameWidth="585" frameHeight="610"/>
	<SubTexture name="ziffy down0008" x="1228" y="0" width="583" height="610" frameX="-2" frameY="0" frameWidth="585" frameHeight="610"/>
	<SubTexture name="ziffy down0009" x="1228" y="0" width="583" height="610" frameX="-2" frameY="0" frameWidth="585" frameHeight="610"/>
	<SubTexture name="ziffy down0010" x="1228" y="0" width="583" height="610" frameX="-2" frameY="0" frameWidth="585" frameHeight="610"/>
	<SubTexture name="ziffy down0011" x="1228" y="0" width="583" height="610" frameX="-2" frameY="0" frameWidth="585" frameHeight="610"/>
	<SubTexture name="ziffy down0012" x="1228" y="0" width="583" height="610" frameX="-2" frameY="0" frameWidth="585" frameHeight="610"/>
	<SubTexture name="ziffy down0013" x="1228" y="0" width="583" height="610" frameX="-2" frameY="0" frameWidth="585" frameHeight="610"/>
	<SubTexture name="ziffy idle0000" x="1841" y="0" width="522" height="645" frameX="0" frameY="-9" frameWidth="522" frameHeight="654"/>
	<SubTexture name="ziffy idle0001" x="1841" y="0" width="522" height="645" frameX="0" frameY="-9" frameWidth="522" frameHeight="654"/>
	<SubTexture name="ziffy idle0002" x="2393" y="0" width="520" height="645" frameX="-2" frameY="-9" frameWidth="522" frameHeight="654"/>
	<SubTexture name="ziffy idle0003" x="2393" y="0" width="520" height="645" frameX="-2" frameY="-9" frameWidth="522" frameHeight="654"/>
	<SubTexture name="ziffy idle0004" x="2943" y="0" width="518" height="646" frameX="-4" frameY="-8" frameWidth="522" frameHeight="654"/>
	<SubTexture name="ziffy idle0005" x="2943" y="0" width="518" height="646" frameX="-4" frameY="-8" frameWidth="522" frameHeight="654"/>
	<SubTexture name="ziffy idle0006" x="3491" y="0" width="517" height="650" frameX="-5" frameY="-4" frameWidth="522" frameHeight="654"/>
	<SubTexture name="ziffy idle0007" x="3491" y="0" width="517" height="650" frameX="-5" frameY="-4" frameWidth="522" frameHeight="654"/>
	<SubTexture name="ziffy idle0008" x="0" y="680" width="517" height="654" frameX="-5" frameY="0" frameWidth="522" frameHeight="654"/>
	<SubTexture name="ziffy idle0009" x="0" y="680" width="517" height="654" frameX="-5" frameY="0" frameWidth="522" frameHeight="654"/>
	<SubTexture name="ziffy idle0010" x="547" y="680" width="517" height="654" frameX="-5" frameY="0" frameWidth="522" frameHeight="654"/>
	<SubTexture name="ziffy idle0011" x="547" y="680" width="517" height="654" frameX="-5" frameY="0" frameWidth="522" frameHeight="654"/>
	<SubTexture name="ziffy idle0012" x="547" y="680" width="517" height="654" frameX="-5" frameY="0" frameWidth="522" frameHeight="654"/>
	<SubTexture name="ziffy idle0013" x="547" y="680" width="517" height="654" frameX="-5" frameY="0" frameWidth="522" frameHeight="654"/>
	<SubTexture name="ziffy left0000" x="1094" y="680" width="578" height="612"/>
	<SubTexture name="ziffy left0001" x="1094" y="680" width="578" height="612"/>
	<SubTexture name="ziffy left0002" x="1702" y="680" width="573" height="611" frameX="-5" frameY="-1" frameWidth="578" frameHeight="612"/>
	<SubTexture name="ziffy left0003" x="1702" y="680" width="573" height="611" frameX="-5" frameY="-1" frameWidth="578" frameHeight="612"/>
	<SubTexture name="ziffy left0004" x="2305" y="680" width="570" height="611" frameX="-8" frameY="-1" frameWidth="578" frameHeight="612"/>
	<SubTexture name="ziffy left0005" x="2305" y="680" width="570" height="611" frameX="-8" frameY="-1" frameWidth="578" frameHeight="612"/>
	<SubTexture name="ziffy left0006" x="2305" y="680" width="570" height="611" frameX="-8" frameY="-1" frameWidth="578" frameHeight="612"/>
	<SubTexture name="ziffy left0007" x="2305" y="680" width="570" height="611" frameX="-8" frameY="-1" frameWidth="578" frameHeight="612"/>
	<SubTexture name="ziffy left0008" x="2305" y="680" width="570" height="611" frameX="-8" frameY="-1" frameWidth="578" frameHeight="612"/>
	<SubTexture name="ziffy left0009" x="2305" y="680" width="570" height="611" frameX="-8" frameY="-1" frameWidth="578" frameHeight="612"/>
	<SubTexture name="ziffy left0010" x="2305" y="680" width="570" height="611" frameX="-8" frameY="-1" frameWidth="578" frameHeight="612"/>
	<SubTexture name="ziffy left0011" x="2305" y="680" width="570" height="611" frameX="-8" frameY="-1" frameWidth="578" frameHeight="612"/>
	<SubTexture name="ziffy left0012" x="2305" y="680" width="570" height="611" frameX="-8" frameY="-1" frameWidth="578" frameHeight="612"/>
	<SubTexture name="ziffy left0013" x="2305" y="680" width="570" height="611" frameX="-8" frameY="-1" frameWidth="578" frameHeight="612"/>
	<SubTexture name="ziffy right0000" x="2905" y="680" width="538" height="626" frameX="0" frameY="-5" frameWidth="538" frameHeight="631"/>
	<SubTexture name="ziffy right0001" x="2905" y="680" width="538" height="626" frameX="0" frameY="-5" frameWidth="538" frameHeight="631"/>
	<SubTexture name="ziffy right0002" x="3473" y="680" width="533" height="631" frameX="-2" frameY="0" frameWidth="538" frameHeight="631"/>
	<SubTexture name="ziffy right0003" x="3473" y="680" width="533" height="631" frameX="-2" frameY="0" frameWidth="538" frameHeight="631"/>
	<SubTexture name="ziffy right0004" x="0" y="1364" width="527" height="629" frameX="-4" frameY="-2" frameWidth="538" frameHeight="631"/>
	<SubTexture name="ziffy right0005" x="0" y="1364" width="527" height="629" frameX="-4" frameY="-2" frameWidth="538" frameHeight="631"/>
	<SubTexture name="ziffy right0006" x="0" y="1364" width="527" height="629" frameX="-4" frameY="-2" frameWidth="538" frameHeight="631"/>
	<SubTexture name="ziffy right0007" x="0" y="1364" width="527" height="629" frameX="-4" frameY="-2" frameWidth="538" frameHeight="631"/>
	<SubTexture name="ziffy right0008" x="0" y="1364" width="527" height="629" frameX="-4" frameY="-2" frameWidth="538" frameHeight="631"/>
	<SubTexture name="ziffy right0009" x="0" y="1364" width="527" height="629" frameX="-4" frameY="-2" frameWidth="538" frameHeight="631"/>
	<SubTexture name="ziffy right0010" x="0" y="1364" width="527" height="629" frameX="-4" frameY="-2" frameWidth="538" frameHeight="631"/>
	<SubTexture name="ziffy right0011" x="0" y="1364" width="527" height="629" frameX="-4" frameY="-2" frameWidth="538" frameHeight="631"/>
	<SubTexture name="ziffy right0012" x="0" y="1364" width="527" height="629" frameX="-4" frameY="-2" frameWidth="538" frameHeight="631"/>
	<SubTexture name="ziffy right0013" x="0" y="1364" width="527" height="629" frameX="-4" frameY="-2" frameWidth="538" frameHeight="631"/>
	<SubTexture name="ziffy up0000" x="557" y="1364" width="557" height="664" frameX="-5" frameY="0" frameWidth="562" frameHeight="664"/>
	<SubTexture name="ziffy up0001" x="557" y="1364" width="557" height="664" frameX="-5" frameY="0" frameWidth="562" frameHeight="664"/>
	<SubTexture name="ziffy up0002" x="1144" y="1364" width="561" height="659" frameX="-1" frameY="-5" frameWidth="562" frameHeight="664"/>
	<SubTexture name="ziffy up0003" x="1144" y="1364" width="561" height="659" frameX="-1" frameY="-5" frameWidth="562" frameHeight="664"/>
	<SubTexture name="ziffy up0004" x="1735" y="1364" width="562" height="656" frameX="0" frameY="-8" frameWidth="562" frameHeight="664"/>
	<SubTexture name="ziffy up0005" x="1735" y="1364" width="562" height="656" frameX="0" frameY="-8" frameWidth="562" frameHeight="664"/>
	<SubTexture name="ziffy up0006" x="1735" y="1364" width="562" height="656" frameX="0" frameY="-8" frameWidth="562" frameHeight="664"/>
	<SubTexture name="ziffy up0007" x="1735" y="1364" width="562" height="656" frameX="0" frameY="-8" frameWidth="562" frameHeight="664"/>
	<SubTexture name="ziffy up0008" x="1735" y="1364" width="562" height="656" frameX="0" frameY="-8" frameWidth="562" frameHeight="664"/>
	<SubTexture name="ziffy up0009" x="1735" y="1364" width="562" height="656" frameX="0" frameY="-8" frameWidth="562" frameHeight="664"/>
	<SubTexture name="ziffy up0010" x="1735" y="1364" width="562" height="656" frameX="0" frameY="-8" frameWidth="562" frameHeight="664"/>
	<SubTexture name="ziffy up0011" x="1735" y="1364" width="562" height="656" frameX="0" frameY="-8" frameWidth="562" frameHeight="664"/>
	<SubTexture name="ziffy up0012" x="1735" y="1364" width="562" height="656" frameX="0" frameY="-8" frameWidth="562" frameHeight="664"/>
	<SubTexture name="ziffy up0013" x="1735" y="1364" width="562" height="656" frameX="0" frameY="-8" frameWidth="562" frameHeight="664"/>
</TextureAtlas>
