﻿<?xml version="1.0" encoding="utf-8"?>
<TextureAtlas imagePath="clowfoefnf.png">
	<!-- Created with Adobe Animate version 21.0.6.41649 -->
	<!-- http://www.adobe.com/products/animate.html -->
	<SubTexture name="clowfoe down0000" x="0" y="0" width="527" height="527" frameX="0" frameY="-6" frameWidth="527" frameHeight="533"/>
	<SubTexture name="clowfoe down0001" x="0" y="0" width="527" height="527" frameX="0" frameY="-6" frameWidth="527" frameHeight="533"/>
	<SubTexture name="clowfoe down0002" x="557" y="0" width="526" height="531" frameX="0" frameY="-2" frameWidth="527" frameHeight="533"/>
	<SubTexture name="clowfoe down0003" x="557" y="0" width="526" height="531" frameX="0" frameY="-2" frameWidth="527" frameHeight="533"/>
	<SubTexture name="clowfoe down0004" x="1113" y="0" width="525" height="533" frameX="0" frameY="0" frameWidth="527" frameHeight="533"/>
	<SubTexture name="clowfoe down0005" x="1113" y="0" width="525" height="533" frameX="0" frameY="0" frameWidth="527" frameHeight="533"/>
	<SubTexture name="clowfoe down0006" x="1113" y="0" width="525" height="533" frameX="0" frameY="0" frameWidth="527" frameHeight="533"/>
	<SubTexture name="clowfoe down0007" x="1113" y="0" width="525" height="533" frameX="0" frameY="0" frameWidth="527" frameHeight="533"/>
	<SubTexture name="clowfoe down0008" x="1113" y="0" width="525" height="533" frameX="0" frameY="0" frameWidth="527" frameHeight="533"/>
	<SubTexture name="clowfoe down0009" x="1113" y="0" width="525" height="533" frameX="0" frameY="0" frameWidth="527" frameHeight="533"/>
	<SubTexture name="clowfoe down0010" x="1113" y="0" width="525" height="533" frameX="0" frameY="0" frameWidth="527" frameHeight="533"/>
	<SubTexture name="clowfoe down0011" x="1113" y="0" width="525" height="533" frameX="0" frameY="0" frameWidth="527" frameHeight="533"/>
	<SubTexture name="clowfoe down0012" x="1113" y="0" width="525" height="533" frameX="0" frameY="0" frameWidth="527" frameHeight="533"/>
	<SubTexture name="clowfoe down0013" x="1113" y="0" width="525" height="533" frameX="0" frameY="0" frameWidth="527" frameHeight="533"/>
	<SubTexture name="clowfoe down0014" x="1113" y="0" width="525" height="533" frameX="0" frameY="0" frameWidth="527" frameHeight="533"/>
	<SubTexture name="clowfoe idle0000" x="1668" y="0" width="520" height="552" frameX="0" frameY="-11" frameWidth="520" frameHeight="563"/>
	<SubTexture name="clowfoe idle0001" x="1668" y="0" width="520" height="552" frameX="0" frameY="-11" frameWidth="520" frameHeight="563"/>
	<SubTexture name="clowfoe idle0002" x="2218" y="0" width="518" height="553" frameX="0" frameY="-10" frameWidth="520" frameHeight="563"/>
	<SubTexture name="clowfoe idle0003" x="2218" y="0" width="518" height="553" frameX="0" frameY="-10" frameWidth="520" frameHeight="563"/>
	<SubTexture name="clowfoe idle0004" x="2766" y="0" width="516" height="556" frameX="0" frameY="-7" frameWidth="520" frameHeight="563"/>
	<SubTexture name="clowfoe idle0005" x="2766" y="0" width="516" height="556" frameX="0" frameY="-7" frameWidth="520" frameHeight="563"/>
	<SubTexture name="clowfoe idle0006" x="3312" y="0" width="516" height="562" frameX="0" frameY="-1" frameWidth="520" frameHeight="563"/>
	<SubTexture name="clowfoe idle0007" x="3312" y="0" width="516" height="562" frameX="0" frameY="-1" frameWidth="520" frameHeight="563"/>
	<SubTexture name="clowfoe idle0008" x="3858" y="0" width="516" height="563" frameX="0" frameY="0" frameWidth="520" frameHeight="563"/>
	<SubTexture name="clowfoe idle0009" x="3858" y="0" width="516" height="563" frameX="0" frameY="0" frameWidth="520" frameHeight="563"/>
	<SubTexture name="clowfoe idle0010" x="4404" y="0" width="516" height="562" frameX="0" frameY="-1" frameWidth="520" frameHeight="563"/>
	<SubTexture name="clowfoe idle0011" x="4404" y="0" width="516" height="562" frameX="0" frameY="-1" frameWidth="520" frameHeight="563"/>
	<SubTexture name="clowfoe idle0012" x="4404" y="0" width="516" height="562" frameX="0" frameY="-1" frameWidth="520" frameHeight="563"/>
	<SubTexture name="clowfoe idle0013" x="4404" y="0" width="516" height="562" frameX="0" frameY="-1" frameWidth="520" frameHeight="563"/>
	<SubTexture name="clowfoe left0000" x="4950" y="0" width="503" height="574" frameX="0" frameY="-3" frameWidth="513" frameHeight="577"/>
	<SubTexture name="clowfoe left0001" x="4950" y="0" width="503" height="574" frameX="0" frameY="-3" frameWidth="513" frameHeight="577"/>
	<SubTexture name="clowfoe left0002" x="5483" y="0" width="510" height="577" frameX="0" frameY="0" frameWidth="513" frameHeight="577"/>
	<SubTexture name="clowfoe left0003" x="5483" y="0" width="510" height="577" frameX="0" frameY="0" frameWidth="513" frameHeight="577"/>
	<SubTexture name="clowfoe left0004" x="6023" y="0" width="513" height="576" frameX="0" frameY="-1" frameWidth="513" frameHeight="577"/>
	<SubTexture name="clowfoe left0005" x="6023" y="0" width="513" height="576" frameX="0" frameY="-1" frameWidth="513" frameHeight="577"/>
	<SubTexture name="clowfoe left0006" x="6023" y="0" width="513" height="576" frameX="0" frameY="-1" frameWidth="513" frameHeight="577"/>
	<SubTexture name="clowfoe left0007" x="6023" y="0" width="513" height="576" frameX="0" frameY="-1" frameWidth="513" frameHeight="577"/>
	<SubTexture name="clowfoe left0008" x="6023" y="0" width="513" height="576" frameX="0" frameY="-1" frameWidth="513" frameHeight="577"/>
	<SubTexture name="clowfoe left0009" x="6023" y="0" width="513" height="576" frameX="0" frameY="-1" frameWidth="513" frameHeight="577"/>
	<SubTexture name="clowfoe left0010" x="6023" y="0" width="513" height="576" frameX="0" frameY="-1" frameWidth="513" frameHeight="577"/>
	<SubTexture name="clowfoe left0011" x="6023" y="0" width="513" height="576" frameX="0" frameY="-1" frameWidth="513" frameHeight="577"/>
	<SubTexture name="clowfoe left0012" x="6023" y="0" width="513" height="576" frameX="0" frameY="-1" frameWidth="513" frameHeight="577"/>
	<SubTexture name="clowfoe left0013" x="6023" y="0" width="513" height="576" frameX="0" frameY="-1" frameWidth="513" frameHeight="577"/>
	<SubTexture name="clowfoe miss down0000" x="6566" y="0" width="527" height="527" frameX="0" frameY="-14" frameWidth="544" frameHeight="541"/>
	<SubTexture name="clowfoe miss down0001" x="6566" y="0" width="527" height="527" frameX="0" frameY="-14" frameWidth="544" frameHeight="541"/>
	<SubTexture name="clowfoe miss down0002" x="7123" y="0" width="544" height="538" frameX="0" frameY="-3" frameWidth="544" frameHeight="541"/>
	<SubTexture name="clowfoe miss down0003" x="7123" y="0" width="544" height="538" frameX="0" frameY="-3" frameWidth="544" frameHeight="541"/>
	<SubTexture name="clowfoe miss down0004" x="0" y="607" width="544" height="541"/>
	<SubTexture name="clowfoe miss down0005" x="0" y="607" width="544" height="541"/>
	<SubTexture name="clowfoe miss down0006" x="0" y="607" width="544" height="541"/>
	<SubTexture name="clowfoe miss down0007" x="0" y="607" width="544" height="541"/>
	<SubTexture name="clowfoe miss down0008" x="0" y="607" width="544" height="541"/>
	<SubTexture name="clowfoe miss down0009" x="0" y="607" width="544" height="541"/>
	<SubTexture name="clowfoe miss down0010" x="0" y="607" width="544" height="541"/>
	<SubTexture name="clowfoe miss down0011" x="0" y="607" width="544" height="541"/>
	<SubTexture name="clowfoe miss down0012" x="0" y="607" width="544" height="541"/>
	<SubTexture name="clowfoe miss down0013" x="0" y="607" width="544" height="541"/>
	<SubTexture name="clowfoe miss down0014" x="0" y="607" width="544" height="541"/>
	<SubTexture name="clowfoe miss left0000" x="574" y="607" width="503" height="574" frameX="0" frameY="0" frameWidth="535" frameHeight="574"/>
	<SubTexture name="clowfoe miss left0001" x="574" y="607" width="503" height="574" frameX="0" frameY="0" frameWidth="535" frameHeight="574"/>
	<SubTexture name="clowfoe miss left0002" x="1107" y="607" width="534" height="516" frameX="0" frameY="-58" frameWidth="535" frameHeight="574"/>
	<SubTexture name="clowfoe miss left0003" x="1107" y="607" width="534" height="516" frameX="0" frameY="-58" frameWidth="535" frameHeight="574"/>
	<SubTexture name="clowfoe miss left0004" x="1671" y="607" width="535" height="511" frameX="0" frameY="-63" frameWidth="535" frameHeight="574"/>
	<SubTexture name="clowfoe miss left0005" x="1671" y="607" width="535" height="511" frameX="0" frameY="-63" frameWidth="535" frameHeight="574"/>
	<SubTexture name="clowfoe miss left0006" x="1671" y="607" width="535" height="511" frameX="0" frameY="-63" frameWidth="535" frameHeight="574"/>
	<SubTexture name="clowfoe miss left0007" x="1671" y="607" width="535" height="511" frameX="0" frameY="-63" frameWidth="535" frameHeight="574"/>
	<SubTexture name="clowfoe miss left0008" x="1671" y="607" width="535" height="511" frameX="0" frameY="-63" frameWidth="535" frameHeight="574"/>
	<SubTexture name="clowfoe miss left0009" x="1671" y="607" width="535" height="511" frameX="0" frameY="-63" frameWidth="535" frameHeight="574"/>
	<SubTexture name="clowfoe miss left0010" x="1671" y="607" width="535" height="511" frameX="0" frameY="-63" frameWidth="535" frameHeight="574"/>
	<SubTexture name="clowfoe miss left0011" x="1671" y="607" width="535" height="511" frameX="0" frameY="-63" frameWidth="535" frameHeight="574"/>
	<SubTexture name="clowfoe miss left0012" x="1671" y="607" width="535" height="511" frameX="0" frameY="-63" frameWidth="535" frameHeight="574"/>
	<SubTexture name="clowfoe miss left0013" x="1671" y="607" width="535" height="511" frameX="0" frameY="-63" frameWidth="535" frameHeight="574"/>
	<SubTexture name="clowfoe miss right0000" x="2236" y="607" width="626" height="580"/>
	<SubTexture name="clowfoe miss right0001" x="2236" y="607" width="626" height="580"/>
	<SubTexture name="clowfoe miss right0002" x="2892" y="607" width="620" height="503" frameX="0" frameY="-77" frameWidth="626" frameHeight="580"/>
	<SubTexture name="clowfoe miss right0003" x="2892" y="607" width="620" height="503" frameX="0" frameY="-77" frameWidth="626" frameHeight="580"/>
	<SubTexture name="clowfoe miss right0004" x="3542" y="607" width="617" height="501" frameX="0" frameY="-79" frameWidth="626" frameHeight="580"/>
	<SubTexture name="clowfoe miss right0005" x="3542" y="607" width="617" height="501" frameX="0" frameY="-79" frameWidth="626" frameHeight="580"/>
	<SubTexture name="clowfoe miss right0006" x="3542" y="607" width="617" height="501" frameX="0" frameY="-79" frameWidth="626" frameHeight="580"/>
	<SubTexture name="clowfoe miss right0007" x="3542" y="607" width="617" height="501" frameX="0" frameY="-79" frameWidth="626" frameHeight="580"/>
	<SubTexture name="clowfoe miss right0008" x="3542" y="607" width="617" height="501" frameX="0" frameY="-79" frameWidth="626" frameHeight="580"/>
	<SubTexture name="clowfoe miss right0009" x="3542" y="607" width="617" height="501" frameX="0" frameY="-79" frameWidth="626" frameHeight="580"/>
	<SubTexture name="clowfoe miss right0010" x="3542" y="607" width="617" height="501" frameX="0" frameY="-79" frameWidth="626" frameHeight="580"/>
	<SubTexture name="clowfoe miss right0011" x="3542" y="607" width="617" height="501" frameX="0" frameY="-79" frameWidth="626" frameHeight="580"/>
	<SubTexture name="clowfoe miss right0012" x="3542" y="607" width="617" height="501" frameX="0" frameY="-79" frameWidth="626" frameHeight="580"/>
	<SubTexture name="clowfoe miss right0013" x="3542" y="607" width="617" height="501" frameX="0" frameY="-79" frameWidth="626" frameHeight="580"/>
	<SubTexture name="clowfoe miss up0000" x="4189" y="607" width="620" height="582"/>
	<SubTexture name="clowfoe miss up0001" x="4189" y="607" width="620" height="582"/>
	<SubTexture name="clowfoe miss up0002" x="4839" y="607" width="609" height="515" frameX="0" frameY="-67" frameWidth="620" frameHeight="582"/>
	<SubTexture name="clowfoe miss up0003" x="4839" y="607" width="609" height="515" frameX="0" frameY="-67" frameWidth="620" frameHeight="582"/>
	<SubTexture name="clowfoe miss up0004" x="5478" y="607" width="606" height="507" frameX="0" frameY="-75" frameWidth="620" frameHeight="582"/>
	<SubTexture name="clowfoe miss up0005" x="5478" y="607" width="606" height="507" frameX="0" frameY="-75" frameWidth="620" frameHeight="582"/>
	<SubTexture name="clowfoe miss up0006" x="5478" y="607" width="606" height="507" frameX="0" frameY="-75" frameWidth="620" frameHeight="582"/>
	<SubTexture name="clowfoe miss up0007" x="5478" y="607" width="606" height="507" frameX="0" frameY="-75" frameWidth="620" frameHeight="582"/>
	<SubTexture name="clowfoe miss up0008" x="5478" y="607" width="606" height="507" frameX="0" frameY="-75" frameWidth="620" frameHeight="582"/>
	<SubTexture name="clowfoe miss up0009" x="5478" y="607" width="606" height="507" frameX="0" frameY="-75" frameWidth="620" frameHeight="582"/>
	<SubTexture name="clowfoe miss up0010" x="5478" y="607" width="606" height="507" frameX="0" frameY="-75" frameWidth="620" frameHeight="582"/>
	<SubTexture name="clowfoe miss up0011" x="5478" y="607" width="606" height="507" frameX="0" frameY="-75" frameWidth="620" frameHeight="582"/>
	<SubTexture name="clowfoe miss up0012" x="5478" y="607" width="606" height="507" frameX="0" frameY="-75" frameWidth="620" frameHeight="582"/>
	<SubTexture name="clowfoe miss up0013" x="5478" y="607" width="606" height="507" frameX="0" frameY="-75" frameWidth="620" frameHeight="582"/>
	<SubTexture name="clowfoe retry die0000" x="6114" y="607" width="944" height="508" frameX="0" frameY="-43" frameWidth="1021" frameHeight="551"/>
	<SubTexture name="clowfoe retry die0001" x="6114" y="607" width="944" height="508" frameX="0" frameY="-43" frameWidth="1021" frameHeight="551"/>
	<SubTexture name="clowfoe retry die0002" x="7088" y="607" width="973" height="545" frameX="0" frameY="-6" frameWidth="1021" frameHeight="551"/>
	<SubTexture name="clowfoe retry die0003" x="7088" y="607" width="973" height="545" frameX="0" frameY="-6" frameWidth="1021" frameHeight="551"/>
	<SubTexture name="clowfoe retry die0004" x="0" y="1219" width="973" height="545" frameX="0" frameY="-6" frameWidth="1021" frameHeight="551"/>
	<SubTexture name="clowfoe retry die0005" x="1003" y="1219" width="1006" height="551" frameX="0" frameY="0" frameWidth="1021" frameHeight="551"/>
	<SubTexture name="clowfoe retry die0006" x="1003" y="1219" width="1006" height="551" frameX="0" frameY="0" frameWidth="1021" frameHeight="551"/>
	<SubTexture name="clowfoe retry die0007" x="2039" y="1219" width="1021" height="520" frameX="0" frameY="-31" frameWidth="1021" frameHeight="551"/>
	<SubTexture name="clowfoe retry die0008" x="3090" y="1219" width="921" height="520" frameX="0" frameY="-31" frameWidth="1021" frameHeight="551"/>
	<SubTexture name="clowfoe retry die0009" x="3090" y="1219" width="921" height="520" frameX="0" frameY="-31" frameWidth="1021" frameHeight="551"/>
	<SubTexture name="clowfoe retry die0010" x="3090" y="1219" width="921" height="520" frameX="0" frameY="-31" frameWidth="1021" frameHeight="551"/>
	<SubTexture name="clowfoe retry die0011" x="4041" y="1219" width="921" height="520" frameX="0" frameY="-31" frameWidth="1021" frameHeight="551"/>
	<SubTexture name="clowfoe retry die0012" x="4992" y="1219" width="921" height="520" frameX="0" frameY="-31" frameWidth="1021" frameHeight="551"/>
	<SubTexture name="clowfoe retry die0013" x="4992" y="1219" width="921" height="520" frameX="0" frameY="-31" frameWidth="1021" frameHeight="551"/>
	<SubTexture name="clowfoe retry die0014" x="5943" y="1219" width="921" height="520" frameX="0" frameY="-31" frameWidth="1021" frameHeight="551"/>
	<SubTexture name="clowfoe retry die0015" x="5943" y="1219" width="921" height="520" frameX="0" frameY="-31" frameWidth="1021" frameHeight="551"/>
	<SubTexture name="clowfoe retry die0016" x="5943" y="1219" width="921" height="520" frameX="0" frameY="-31" frameWidth="1021" frameHeight="551"/>
	<SubTexture name="clowfoe retry die0017" x="6894" y="1219" width="921" height="520" frameX="0" frameY="-31" frameWidth="1021" frameHeight="551"/>
	<SubTexture name="clowfoe retry die0018" x="0" y="1800" width="921" height="520" frameX="0" frameY="-31" frameWidth="1021" frameHeight="551"/>
	<SubTexture name="clowfoe retry die0019" x="951" y="1800" width="921" height="520" frameX="0" frameY="-31" frameWidth="1021" frameHeight="551"/>
	<SubTexture name="clowfoe retry die0020" x="1902" y="1800" width="921" height="520" frameX="0" frameY="-31" frameWidth="1021" frameHeight="551"/>
	<SubTexture name="clowfoe retry die0021" x="951" y="1800" width="921" height="520" frameX="0" frameY="-31" frameWidth="1021" frameHeight="551"/>
	<SubTexture name="clowfoe retry die0022" x="951" y="1800" width="921" height="520" frameX="0" frameY="-31" frameWidth="1021" frameHeight="551"/>
	<SubTexture name="clowfoe retry die0023" x="951" y="1800" width="921" height="520" frameX="0" frameY="-31" frameWidth="1021" frameHeight="551"/>
	<SubTexture name="clowfoe retry die0024" x="951" y="1800" width="921" height="520" frameX="0" frameY="-31" frameWidth="1021" frameHeight="551"/>
	<SubTexture name="clowfoe retry die0025" x="951" y="1800" width="921" height="520" frameX="0" frameY="-31" frameWidth="1021" frameHeight="551"/>
	<SubTexture name="clowfoe retry die0026" x="951" y="1800" width="921" height="520" frameX="0" frameY="-31" frameWidth="1021" frameHeight="551"/>
	<SubTexture name="clowfoe retry die0027" x="951" y="1800" width="921" height="520" frameX="0" frameY="-31" frameWidth="1021" frameHeight="551"/>
	<SubTexture name="clowfoe retry die0028" x="951" y="1800" width="921" height="520" frameX="0" frameY="-31" frameWidth="1021" frameHeight="551"/>
	<SubTexture name="clowfoe retry die0029" x="951" y="1800" width="921" height="520" frameX="0" frameY="-31" frameWidth="1021" frameHeight="551"/>
	<SubTexture name="clowfoe retry loop0000" x="2853" y="1800" width="920" height="519"/>
	<SubTexture name="clowfoe retry loop0001" x="2853" y="1800" width="920" height="519"/>
	<SubTexture name="clowfoe retry loop0002" x="3803" y="1800" width="920" height="519"/>
	<SubTexture name="clowfoe retry loop0003" x="4753" y="1800" width="920" height="519"/>
	<SubTexture name="clowfoe retry loop0004" x="5703" y="1800" width="920" height="519"/>
	<SubTexture name="clowfoe retry loop0005" x="5703" y="1800" width="920" height="519"/>
	<SubTexture name="clowfoe retry loop0006" x="6653" y="1800" width="920" height="519"/>
	<SubTexture name="clowfoe retry loop0007" x="0" y="2350" width="920" height="519"/>
	<SubTexture name="clowfoe retry loop0008" x="2853" y="1800" width="920" height="519"/>
	<SubTexture name="clowfoe retry loop0009" x="2853" y="1800" width="920" height="519"/>
	<SubTexture name="clowfoe retry loop0010" x="2853" y="1800" width="920" height="519"/>
	<SubTexture name="clowfoe retry loop0011" x="2853" y="1800" width="920" height="519"/>
	<SubTexture name="clowfoe retry loop0012" x="2853" y="1800" width="920" height="519"/>
	<SubTexture name="clowfoe retry loop0013" x="2853" y="1800" width="920" height="519"/>
	<SubTexture name="clowfoe retry loop0014" x="3803" y="1800" width="920" height="519"/>
	<SubTexture name="clowfoe retry loop0015" x="4753" y="1800" width="920" height="519"/>
	<SubTexture name="clowfoe retry loop0016" x="5703" y="1800" width="920" height="519"/>
	<SubTexture name="clowfoe retry loop0017" x="5703" y="1800" width="920" height="519"/>
	<SubTexture name="clowfoe retry loop0018" x="6653" y="1800" width="920" height="519"/>
	<SubTexture name="clowfoe retry loop0019" x="0" y="2350" width="920" height="519"/>
	<SubTexture name="clowfoe retry loop0020" x="2853" y="1800" width="920" height="519"/>
	<SubTexture name="clowfoe retry loop0021" x="2853" y="1800" width="920" height="519"/>
	<SubTexture name="clowfoe retry loop0022" x="2853" y="1800" width="920" height="519"/>
	<SubTexture name="clowfoe retry loop0023" x="2853" y="1800" width="920" height="519"/>
	<SubTexture name="clowfoe retry press0000" x="950" y="2350" width="920" height="519" frameX="0" frameY="-9" frameWidth="926" frameHeight="528"/>
	<SubTexture name="clowfoe retry press0001" x="1900" y="2350" width="920" height="519" frameX="0" frameY="-9" frameWidth="926" frameHeight="528"/>
	<SubTexture name="clowfoe retry press0002" x="2850" y="2350" width="921" height="520" frameX="0" frameY="-8" frameWidth="926" frameHeight="528"/>
	<SubTexture name="clowfoe retry press0003" x="3801" y="2350" width="921" height="520" frameX="0" frameY="-8" frameWidth="926" frameHeight="528"/>
	<SubTexture name="clowfoe retry press0004" x="4752" y="2350" width="924" height="525" frameX="0" frameY="-3" frameWidth="926" frameHeight="528"/>
	<SubTexture name="clowfoe retry press0005" x="5706" y="2350" width="924" height="525" frameX="0" frameY="-3" frameWidth="926" frameHeight="528"/>
	<SubTexture name="clowfoe retry press0006" x="6660" y="2350" width="926" height="528"/>
	<SubTexture name="clowfoe retry press0007" x="0" y="2908" width="926" height="528"/>
	<SubTexture name="clowfoe retry press0008" x="956" y="2908" width="924" height="525" frameX="0" frameY="-3" frameWidth="926" frameHeight="528"/>
	<SubTexture name="clowfoe retry press0009" x="1910" y="2908" width="924" height="525" frameX="0" frameY="-3" frameWidth="926" frameHeight="528"/>
	<SubTexture name="clowfoe retry press0010" x="2864" y="2908" width="924" height="525" frameX="0" frameY="-3" frameWidth="926" frameHeight="528"/>
	<SubTexture name="clowfoe retry press0011" x="3818" y="2908" width="924" height="525" frameX="0" frameY="-3" frameWidth="926" frameHeight="528"/>
	<SubTexture name="clowfoe retry press0012" x="4772" y="2908" width="924" height="525" frameX="0" frameY="-3" frameWidth="926" frameHeight="528"/>
	<SubTexture name="clowfoe retry press0013" x="5726" y="2908" width="924" height="525" frameX="0" frameY="-3" frameWidth="926" frameHeight="528"/>
	<SubTexture name="clowfoe retry press0014" x="6680" y="2908" width="924" height="525" frameX="0" frameY="-3" frameWidth="926" frameHeight="528"/>
	<SubTexture name="clowfoe retry press0015" x="0" y="3466" width="924" height="525" frameX="0" frameY="-3" frameWidth="926" frameHeight="528"/>
	<SubTexture name="clowfoe retry press0016" x="0" y="3466" width="924" height="525" frameX="0" frameY="-3" frameWidth="926" frameHeight="528"/>
	<SubTexture name="clowfoe retry press0017" x="0" y="3466" width="924" height="525" frameX="0" frameY="-3" frameWidth="926" frameHeight="528"/>
	<SubTexture name="clowfoe retry press0018" x="0" y="3466" width="924" height="525" frameX="0" frameY="-3" frameWidth="926" frameHeight="528"/>
	<SubTexture name="clowfoe retry press0019" x="0" y="3466" width="924" height="525" frameX="0" frameY="-3" frameWidth="926" frameHeight="528"/>
	<SubTexture name="clowfoe right0000" x="954" y="3466" width="626" height="580"/>
	<SubTexture name="clowfoe right0001" x="954" y="3466" width="626" height="580"/>
	<SubTexture name="clowfoe right0002" x="1610" y="3466" width="622" height="578" frameX="0" frameY="-2" frameWidth="626" frameHeight="580"/>
	<SubTexture name="clowfoe right0003" x="1610" y="3466" width="622" height="578" frameX="0" frameY="-2" frameWidth="626" frameHeight="580"/>
	<SubTexture name="clowfoe right0004" x="2262" y="3466" width="618" height="575" frameX="0" frameY="-5" frameWidth="626" frameHeight="580"/>
	<SubTexture name="clowfoe right0005" x="2262" y="3466" width="618" height="575" frameX="0" frameY="-5" frameWidth="626" frameHeight="580"/>
	<SubTexture name="clowfoe right0006" x="2262" y="3466" width="618" height="575" frameX="0" frameY="-5" frameWidth="626" frameHeight="580"/>
	<SubTexture name="clowfoe right0007" x="2262" y="3466" width="618" height="575" frameX="0" frameY="-5" frameWidth="626" frameHeight="580"/>
	<SubTexture name="clowfoe right0008" x="2262" y="3466" width="618" height="575" frameX="0" frameY="-5" frameWidth="626" frameHeight="580"/>
	<SubTexture name="clowfoe right0009" x="2262" y="3466" width="618" height="575" frameX="0" frameY="-5" frameWidth="626" frameHeight="580"/>
	<SubTexture name="clowfoe right0010" x="2262" y="3466" width="618" height="575" frameX="0" frameY="-5" frameWidth="626" frameHeight="580"/>
	<SubTexture name="clowfoe right0011" x="2262" y="3466" width="618" height="575" frameX="0" frameY="-5" frameWidth="626" frameHeight="580"/>
	<SubTexture name="clowfoe right0012" x="2262" y="3466" width="618" height="575" frameX="0" frameY="-5" frameWidth="626" frameHeight="580"/>
	<SubTexture name="clowfoe right0013" x="2262" y="3466" width="618" height="575" frameX="0" frameY="-5" frameWidth="626" frameHeight="580"/>
	<SubTexture name="clowfoe up0000" x="2910" y="3466" width="620" height="582"/>
	<SubTexture name="clowfoe up0001" x="2910" y="3466" width="620" height="582"/>
	<SubTexture name="clowfoe up0002" x="3560" y="3466" width="619" height="578" frameX="0" frameY="-4" frameWidth="620" frameHeight="582"/>
	<SubTexture name="clowfoe up0003" x="3560" y="3466" width="619" height="578" frameX="0" frameY="-4" frameWidth="620" frameHeight="582"/>
	<SubTexture name="clowfoe up0004" x="4209" y="3466" width="617" height="577" frameX="0" frameY="-5" frameWidth="620" frameHeight="582"/>
	<SubTexture name="clowfoe up0005" x="4209" y="3466" width="617" height="577" frameX="0" frameY="-5" frameWidth="620" frameHeight="582"/>
	<SubTexture name="clowfoe up0006" x="4209" y="3466" width="617" height="577" frameX="0" frameY="-5" frameWidth="620" frameHeight="582"/>
	<SubTexture name="clowfoe up0007" x="4209" y="3466" width="617" height="577" frameX="0" frameY="-5" frameWidth="620" frameHeight="582"/>
	<SubTexture name="clowfoe up0008" x="4209" y="3466" width="617" height="577" frameX="0" frameY="-5" frameWidth="620" frameHeight="582"/>
	<SubTexture name="clowfoe up0009" x="4209" y="3466" width="617" height="577" frameX="0" frameY="-5" frameWidth="620" frameHeight="582"/>
	<SubTexture name="clowfoe up0010" x="4209" y="3466" width="617" height="577" frameX="0" frameY="-5" frameWidth="620" frameHeight="582"/>
	<SubTexture name="clowfoe up0011" x="4209" y="3466" width="617" height="577" frameX="0" frameY="-5" frameWidth="620" frameHeight="582"/>
	<SubTexture name="clowfoe up0012" x="4209" y="3466" width="617" height="577" frameX="0" frameY="-5" frameWidth="620" frameHeight="582"/>
	<SubTexture name="clowfoe up0013" x="4209" y="3466" width="617" height="577" frameX="0" frameY="-5" frameWidth="620" frameHeight="582"/>
</TextureAtlas>
