{
	"animations": [
		{
			"offsets": [
				-5,
				210
			],
			"loop": false,
			"fps": 28,
			"anim": "idle",
			"indices": [],
			"name": "clowfoe idle"
		},
		{
			"offsets": [
				-5,
				224
			],
			"loop": false,
			"fps": 28,
			"anim": "singLEFT",
			"indices": [],
			"name": "clowfoe left"
		},
		{
			"offsets": [
				-5,
				180
			],
			"loop": false,
			"fps": 28,
			"anim": "singDOWN",
			"indices": [],
			"name": "clowfoe down"
		},
		{
			"offsets": [
				-5,
				229
			],
			"loop": false,
			"fps": 28,
			"anim": "singUP",
			"indices": [],
			"name": "clowfoe up"
		},
		{
			"offsets": [
				-5,
				227
			],
			"loop": false,
			"fps": 28,
			"anim": "singRIGHT",
			"indices": [],
			"name": "clowfoe right"
		},
		{
			"offsets": [
				-5,
				221
			],
			"loop": false,
			"fps": 28,
			"anim": "singLEFTmiss",
			"indices": [],
			"name": "clowfoe miss left"
		},
		{
			"offsets": [
				-5,
				188
			],
			"loop": false,
			"fps": 28,
			"anim": "singDOWNmiss",
			"indices": [],
			"name": "clowfoe miss down"
		},
		{
			"offsets": [
				-5,
				229
			],
			"loop": false,
			"fps": 28,
			"anim": "singUPmiss",
			"indices": [],
			"name": "clowfoe miss up"
		},
		{
			"offsets": [
				-5,
				227
			],
			"loop": false,
			"fps": 28,
			"anim": "singRIGHTmiss",
			"indices": [],
			"name": "clowfoe miss right"
		},
		{
			"offsets": [
				379,
				191
			],
			"loop": false,
			"fps": 28,
			"anim": "firstDeath",
			"indices": [],
			"name": "clowfoe retry die"
		},
		{
			"offsets": [
				379,
				158
			],
			"loop": true,
			"fps": 28,
			"anim": "deathLoop",
			"indices": [],
			"name": "clowfoe retry loop"
		},
		{
			"offsets": [
				379,
				167
			],
			"loop": false,
			"fps": 28,
			"anim": "deathConfirm",
			"indices": [],
			"name": "clowfoe retry press"
		}
	],
	"no_antialiasing": false,
	"image": "characters/clowfoesn",
	"position": [
		0,
		390
	],
	"healthicon": "bfclowsn",
	"flip_x": true,
	"healthbar_colors": [
		207,
		31,
		108
	],
	"camera_position": [
		70,
		-150
	],
	"sing_duration": 4,
	"scale": 1
}